{
    "camera_paras":{
        "left_front":{
            "R":[[0.700929557016738,-0.115053154795380,0.703889570651498],
            [-0.712323985136684,-0.063182855488912,0.699001049334879],
            [-0.035948522908633,-0.991347919927156,-0.126241852635289]],
            "T":[-0.776797834176648,1.361589368233854,-2.028352041182272],
            "mapping_coefficients":[6.393140957131947e+02,-6.081632975217556e-04,1.364153202784947e-07,-3.444442680894674e-10],
            "distortion_center":[6.535900559396073e+02,3.508251956451728e+02],
            "stretch_matrix":[[0.999841336686302,-0.017424585330302],[0.017664672174490,1]]
        },
        "front_right":{
            "R":[[-0.045644643383459,-0.127535648279493,0.990783137194173],
            [-0.998167002287785,-0.033632327027305,-0.050314035045358],
            [0.039739175560320,-0.991263600157222,-0.125766740154653]],
            "T":[-0.135648546446735,1.633105971478075,-1.876538014738530],
            "mapping_coefficients":[6.515933114826481e+02,-6.284207629302541e-04,2.320408782057280e-07,-4.113730254405600e-10],
            "distortion_center":[6.748126474509506e+02,3.925402302612828e+02],
            "stretch_matrix":[[0.984000729322138,-0.011456377528024],[0.009774188868199,1]]
        },
        "right_front":{
            "R":[[-0.820529423558917,-0.039538166893810,0.570235213252171],
            [-0.571065565775841,0.100004857785010,-0.814790247858011],
            [-0.024810978602030,-0.994201067077519,-0.104635813958379]],
            "T":[1.251977976187160,1.276396236162972,-1.820679431561830],
            "mapping_coefficients":[6.377468179675066e+02,-6.113696549166335e-04,1.462735341943683e-07,-3.557413128344598e-10],
            "distortion_center":[6.181734036381214e+02,3.561817346056370e+02],
            "stretch_matrix":[[0.999684829133434,-0.008632034190246],[0.008772630623814,1]]
        },
        "left_back":{
            "R":[[0.849446370216365,-0.160163229658644,-0.502780870749430],
            [0.467610810211215,-0.213015438627080,0.857883764317826],
            [-0.244501522080853,-0.963832019997170,-0.106051133555096]],
            "T":[-1.789005825790567,1.485304619388953,0.417403333567730],
            "mapping_coefficients":[6.453664553447268e+02,-6.365785086828483e-04,2.528959388108602e-07,-4.517891119325417e-10],
            "distortion_center":[6.357518555733128e+02,3.817786513402413e+02],
            "stretch_matrix":[[0.999551992286626,-0.002880969015505],[0.003500276576096,1]]
        },
        "back":{
            "R":[[0.054340665951594,-0.010860335201965,-0.998463391989530],
            [0.997843519748172,-0.036277453661481,0.054701521481730],
            [-0.036815786294934,-0.999282742508415,0.008865574112581]],
            "T":[0.080293614367789,0.920025224613035,-1.010845904744875],
            "mapping_coefficients":[6.431284525135626e+02,-6.354499213460156e-04,2.335235702987429e-07,-4.354724026689920e-10],
            "distortion_center":[6.773818223614553e+02,3.633600020793268e+02],
            "stretch_matrix":[[0.999356178103171,-0.021290928211562],[0.021106370286181,1]]
        },
        "right_back":{
            "R":[[-0.718321574444213,-0.053214400778003,-0.693673080952277],
            [0.664001420403813,0.245149660458354,-0.706401980234252],
            [0.207644478351112,-0.968023693680579,-0.140761852372378]],
            "T":[1.897916858413409,1.427109811815350,0.821481061086286],
            "mapping_coefficients":[6.349297141303258e+02,-6.360146473537527e-04,2.408485148649199e-07,-4.362814480143837e-10],
            "distortion_center":[6.346690691355144e+02,3.686602087971730e+02],
            "stretch_matrix":[[0.999671806310782,0.010924969980490],[-0.010364055836752,1]]
        }
    },
    "obstacle_height":2.0
}
